department_id,department_name,latitude,longitude,cities
75,Paris,48.866,2.333,Paris(48.862$2.3362$75001#48.867$2.3441$75002#48.863$2.3593$75003#48.854$2.3573$75004#48.844$2.3498$75005#48.848$2.3326$75006#48.856$2.3124$75007#48.872$2.3125$75008#48.876$2.3374$75009#48.876$2.3611$75010#48.859$2.3787$75011#48.835$2.4198$75012#48.828$2.3624$75013#48.828$2.3271$75014#48.840$2.2935$75015#48.860$2.2620$75016#48.860$2.2620$75116#48.887$2.3074$75017#48.892$2.3487$75018#48.886$2.3846$75019#48.863$2.4008$75020)
95,Val-d'Oise,49.0333,2.066,Osny(49.067$2.0631$95520)|Eaubonne(48.990$2.2780$95600)|L'Isle-Adam(49.107$2.2343$95290)|Cergy(49.040$2.0508$95000#49.040$2.0508$95000#49.040$2.0508$95800)|Persan(49.149$2.2697$95340)|Nointel(49.128$2.2943$95590)|Beauchamp(49.014$2.1922$95250)|Marly-la-Ville(49.081$2.5087$95670)|Taverny(49.026$2.2211$95150)|Saint-Witz(49.085$2.5522$95470)|Andilly(49.008$2.3027$95580)|Villiers-le-Bel(49.008$2.4038$95400)|Roissy-en-France(49.006$2.5141$95700#49.006$2.5141$95700)|Moisselles(49.045$2.3374$95570)|Bouffémont(49.041$2.2983$95570)|Éragny(49.020$2.1013$95610)|Montigny-lès-Cormeilles(48.993$2.1935$95370)|Deuil-la-Barre(48.971$2.3261$95170)|Domont(49.029$2.3229$95330)|Aincourt(49.072$1.7740$95510)|Sannois(48.971$2.2529$95110)|Parmain(49.122$2.2012$95620)|Champagne-sur-Oise(49.142$2.2280$95660)|Ennery(49.078$2.1094$95300)|Bezons(48.925$2.2113$95870)|La Frette-sur-Seine(48.974$2.1778$95530)|Le Plessis-Bouchard(49.003$2.2340$95130)|Saint-Leu-la-Forêt(49.020$2.2467$95320)|Saint-Martin-du-Tertre(49.103$2.3344$95270)|Louvres(49.042$2.5035$95380)|Puiseux-en-France(49.066$2.4885$95380)|Cormeilles-en-Parisis(48.968$2.1992$95240)|Argenteuil(48.951$2.2410$95100)|Enghien-les-Bains(48.970$2.3048$95880)|Bray-et-Lû(49.142$1.6657$95710)|Sarcelles(48.990$2.3816$95200)|Pontoise(49.051$2.0948$95000#49.051$2.0948$95300)|Ermont(48.988$2.2566$95120)
92,Hauts-de-Seine,48.900,2.2,Bourg-la-Reine(48.779$2.3164$92340)|Clamart(48.796$2.2547$92140#48.796$2.2547$92140)|Neuilly-sur-Seine(48.885$2.2664$92200)|Sceaux(48.776$2.2952$92330)|Fontenay-aux-Roses(48.789$2.2872$92260)|Courbevoie(48.898$2.2557$92400)|Châtenay-Malabry(48.768$2.2628$92290#48.768$2.2628$92290)|Suresnes(48.869$2.2196$92150)|Nanterre(48.896$2.2067$92000)|La Garenne-Colombes(48.906$2.2446$92250)|Malakoff(48.816$2.2969$92240)|Garches(48.845$2.1866$92380)|Sèvres(48.821$2.2105$92310)|Gennevilliers(48.934$2.2938$92230)|Vanves(48.821$2.2873$92170)|Châtillon(48.803$2.2879$92320)|Rueil-Malmaison(48.869$2.1773$92500#48.869$2.1773$92500)|Puteaux(48.883$2.2383$92800)|Levallois-Perret(48.895$2.2868$92300)|Villeneuve-la-Garenne(48.936$2.3244$92390)|Clichy(48.903$2.3057$92110)|Boulogne-Billancourt(48.836$2.2391$92100)|Montrouge(48.815$2.3164$92120)|Asnières-sur-Seine(48.915$2.2880$92600)|Marnes-la-Coquette(48.830$2.1664$92430)|Saint-Cloud(48.842$2.2086$92210)|Le Plessis-Robinson(48.780$2.2606$92350#48.780$2.2606$92350)|Colombes(48.922$2.2467$92700)|Antony(48.750$2.2993$92160)|Issy-les-Moulineaux(48.823$2.2644$92130)|Meudon(48.803$2.2269$92190#48.803$2.2269$92360)|Bagneux(48.798$2.3098$92220)
94,Val-de-Marne,48.7833,2.4666,La Queue-en-Brie(48.777$2.5838$94510)|Choisy-le-Roi(48.764$2.4174$94600)|Champigny-sur-Marne(48.817$2.5170$94500#48.817$2.5170$94500)|Fontenay-sous-Bois(48.851$2.4739$94120)|Chennevières-sur-Marne(48.797$2.5415$94430)|Alfortville(48.796$2.4212$94140)|L'Haÿ-les-Roses(48.776$2.3377$94240)|Villejuif(48.792$2.3600$94800)|Valenton(48.752$2.4612$94460#48.752$2.4612$94460)|Saint-Maur-des-Fossés(48.799$2.4938$94100#48.799$2.4938$94210)|Ormesson-sur-Marne(48.785$2.5392$94490)|Villeneuve-le-Roi(48.732$2.4103$94290)|Cachan(48.791$2.3315$94230)|Maisons-Alfort(48.806$2.4381$94700)|Thiais(48.760$2.3853$94320)|Vitry-sur-Seine(48.788$2.3941$94400)|Charenton-le-Pont(48.822$2.4076$94220)|Villeneuve-Saint-Georges(48.741$2.4489$94190)|Le Kremlin-Bicêtre(48.809$2.3565$94270)|Le Perreux-sur-Marne(48.842$2.5040$94170)|Rungis(48.749$2.3528$94150)|Villiers-sur-Marne(48.825$2.5452$94350)|Ivry-sur-Seine(48.812$2.3877$94200)|Noiseau(48.774$2.5554$94880)|Saint-Maurice(48.818$2.4374$94410)|Joinville-le-Pont(48.819$2.4704$94340)|Sucy-en-Brie(48.765$2.5330$94370#48.765$2.5330$94370)|Orly(48.742$2.3946$94310)|Boissy-Saint-Léger(48.747$2.5252$94470)|Bry-sur-Marne(48.838$2.5231$94360)|Créteil(48.783$2.4546$94000)|Gentilly(48.813$2.3442$94250)|Arcueil(48.805$2.3335$94110)
93,Seine-Saint-Denis,48.9,2.45,Stains(48.956$2.3854$93240)|Bobigny(48.907$2.4386$93000)|Pierrefitte-sur-Seine(48.960$2.3632$93380)|L'Île-Saint-Denis(48.939$2.3254$93450)|Drancy(48.923$2.4449$93700)|Pantin(48.898$2.4087$93500)|Rosny-sous-Bois(48.874$2.4863$93110)|Aubervilliers(48.912$2.3844$93300)|Aulnay-sous-Bois(48.945$2.4932$93600)|Neuilly-Plaisance(48.864$2.5104$93360)|Neuilly-sur-Marne(48.862$2.5400$93330)|Clichy-sous-Bois(48.907$2.5462$93390)|Épinay-sur-Seine(48.955$2.3145$93800)|Noisy-le-Sec(48.891$2.4591$93130)|Les Lilas(48.881$2.4196$93260)|Livry-Gargan(48.919$2.5348$93190)|La Courneuve(48.932$2.3997$93120)|Romainville(48.885$2.4376$93230)|Gagny(48.882$2.5449$93220)|Le Blanc-Mesnil(48.939$2.4611$93150)|Sevran(48.938$2.5312$93270)|Dugny(48.950$2.4238$93440)|Montreuil(48.863$2.4481$93100)|Bondy(48.902$2.4837$93140)|Villetaneuse(48.957$2.3450$93430)|Bagnolet(48.869$2.4227$93170)|Villepinte(48.959$2.5363$93420)|Tremblay-en-France(48.978$2.5546$93290)|Noisy-le-Grand(48.836$2.5644$93160)|Vaujours(48.932$2.5810$93410)|Montfermeil(48.898$2.5671$93370)|Saint-Ouen-sur-Seine(48.909$2.3325$93400)|Saint-Denis(48.929$2.3592$93200#48.929$2.3592$93210)
91,Essonne,48.6333,2.45,Quincy-sous-Sénart(48.670$2.5283$91480)|Montlhéry(48.642$2.2681$91310)|Draveil(48.677$2.4219$91210#48.677$2.4219$91210)|La Norville(48.581$2.2656$91290)|Massy(48.727$2.2751$91300)|Yerres(48.715$2.4927$91330)|Saint-Pierre-du-Perray(48.605$2.5161$91280)|Crosne(48.720$2.4633$91560)|Viry-Châtillon(48.669$2.3737$91170)|Morigny-Champigny(48.440$2.2074$91150)|Ormoy(48.573$2.4577$91540)|Montgeron(48.695$2.4624$91230)|Wissous(48.729$2.3290$91320)|Boussy-Saint-Antoine(48.689$2.5338$91800)|Pussay(48.350$1.9975$91740)|Évry-Courcouronnes(48.629$2.4400$91000)|Linas(48.625$2.2513$91310)|Longpont-sur-Orge(48.640$2.2864$91310)|Villejust(48.677$2.2229$91140)|Juvisy-sur-Orge(48.691$2.3739$91260)|Saint-Michel-sur-Orge(48.632$2.3117$91240)|Athis-Mons(48.709$2.3866$91200)|Grigny(48.656$2.3878$91350)|Le Plessis-Pâté(48.607$2.3415$91220)|Brétigny-sur-Orge(48.602$2.3021$91220)|Vigneux-sur-Seine(48.703$2.4279$91270)|Dourdan(48.535$1.9943$91410)|Saintry-sur-Seine(48.593$2.4941$91250)|Gif-sur-Yvette(48.698$2.1278$91190)|Arpajon(48.590$2.2434$91290)|Chilly-Mazarin(48.707$2.3111$91380)|Roinville(48.517$2.0533$91410)|Saint-Germain-lès-Arpajon(48.598$2.2646$91180)|Palaiseau(48.714$2.2288$91120)|Saint-Vrain(48.537$2.3228$91770)|Tigery(48.644$2.5190$91250)|Igny(48.736$2.2244$91430#48.736$2.2244$91430)|Épinay-sur-Orge(48.672$2.3183$91360)|Bruyères-le-Châtel(48.600$2.1868$91680)|Brunoy(48.696$2.5039$91800)|Sainte-Geneviève-des-Bois(48.641$2.3301$91700)|Mennecy(48.558$2.4375$91540)
78,Yvelines,48.8014,2.1301,Louveciennes(48.859$2.1136$78430)|Buchelay(48.983$1.6743$78200)|Montesson(48.917$2.1399$78360)|Saint-Germain-en-Laye(48.940$2.0987$78100)|Marly-le-Roi(48.865$2.0912$78160#48.865$2.0912$78160)|Magnanville(48.968$1.6856$78200)|Jouy-en-Josas(48.766$2.1626$78350)|Élancourt(48.778$1.9604$78990)|Méré(48.795$1.8199$78490)|Les Clayes-sous-Bois(48.818$1.9840$78340)|Orgeval(48.916$1.9692$78630)|Gargenville(48.993$1.8106$78440)|Bonnières-sur-Seine(49.020$1.5705$78270)|Meulan-en-Yvelines(49.006$1.9131$78250)|Vélizy-Villacoublay(48.783$2.1970$78140)|Saint-Arnoult-en-Yvelines(48.572$1.9346$78730)|Triel-sur-Seine(48.978$2.0087$78510#48.978$2.0087$78510#48.978$2.0087$78510)|Villennes-sur-Seine(48.936$1.9958$78670)|Bois-d'Arcy(48.804$2.0191$78390)|Versailles(48.802$2.1178$78000)|Rambouillet(48.653$1.8265$78120)|Trappes(48.775$1.9934$78190)|Poigny-la-Forêt(48.682$1.7544$78125)|Mantes-la-Jolie(48.998$1.6933$78200)|Limay(48.994$1.7398$78520)|Bougival(48.863$2.1376$78380)|Poissy(48.923$2.0271$78300#48.923$2.0271$78300)|Hardricourt(49.010$1.8872$78250)|Crespières(48.882$1.9211$78121)|Mantes-la-Ville(48.974$1.7120$78711)|Sartrouville(48.939$2.1745$78500)|Le Mesnil-le-Roi(48.925$2.1221$78600#48.925$2.1221$78600)|Jouars-Pontchartrain(48.790$1.9078$78760)|Saint-Cyr-l'École(48.806$2.0659$78210)|Carrières-sur-Seine(48.911$2.1783$78420)|Conflans-Sainte-Honorine(49.000$2.0990$78700)|Verneuil-sur-Seine(48.987$1.9627$78480)|Houilles(48.926$2.1874$78800)|Plaisir(48.812$1.9469$78370)|Maisons-Laffitte(48.952$2.1516$78600)|Chambourcy(48.896$2.0332$78240)|Voisins-le-Bretonneux(48.758$2.0485$78960)|Guyancourt(48.773$2.0760$78280#48.773$2.0760$78280#48.773$2.0760$78280)|Le Chesnay-Rocquencourt(48.827$2.1301$78150#48.827$2.1301$78150)|Toussus-le-Noble(48.746$2.1179$78117)|Morainvilliers(48.934$1.9455$78630)|Chatou(48.896$2.1539$78400)|Achères(48.971$2.0900$78260)|Montfort-l'Amaury(48.771$1.8089$78490)|Le Pecq(48.893$2.1050$78230)|Carrières-sous-Poissy(48.945$2.0291$78955#48.945$2.0291$78955)|Maurepas(48.769$1.9240$78310)
77,Seine-et-Marne,48.5333,2.666,Chanteloup-en-Brie(48.857$2.7403$77600)|Bussy-Saint-Georges(48.830$2.7225$77600)|Montereau-Fault-Yonne(48.389$2.9615$77130)|Isles-lès-Villenoy(48.917$2.8305$77450)|Ozoir-la-Ferrière(48.763$2.6796$77330)|Meaux(48.957$2.9000$77100)|Bagneaux-sur-Loing(48.223$2.7075$77167)|Esbly(48.900$2.8123$77450)|Tournan-en-Brie(48.739$2.7782$77220)|Champs-sur-Marne(48.848$2.5961$77420)|Annet-sur-Marne(48.922$2.7085$77410)|Montévrain(48.868$2.7495$77144)|Coulommiers(48.812$3.0912$77120)|Serris(48.844$2.7875$77700)|Nemours(48.259$2.7110$77140)|Bailly-Romainvilliers(48.843$2.8166$77700)|Pomponne(48.886$2.6748$77400#48.886$2.6748$77400)|Cannes-Écluse(48.364$2.9907$77130)|Roissy-en-Brie(48.790$2.6612$77680)|Torcy(48.853$2.6512$77200)|Savigny-le-Temple(48.588$2.5737$77176)|Brou-sur-Chantereine(48.890$2.6398$77177)|Bombon(48.567$2.8676$77720)|La Ferté-sous-Jouarre(48.954$3.1276$77260)|Chelles(48.883$2.5968$77500#48.883$2.5968$77500)|Saint-Thibault-des-Vignes(48.863$2.6757$77400)|Compans(48.989$2.6561$77290)|Le Mée-sur-Seine(48.539$2.6290$77350)|Chessy(48.872$2.7703$77700)|Seine-Port(48.551$2.5543$77240)|Coupvray(48.885$2.7934$77700)|Fontainebleau(48.406$2.6803$77300)|Lieusaint(48.625$2.5499$77127)|Voisenon(48.570$2.6637$77950)|Provins(48.563$3.2875$77160)|Villevaudé(48.911$2.6622$77410#48.911$2.6622$77410#48.911$2.6622$77410)|Magny-le-Hongre(48.866$2.8144$77700)|Trilbardou(48.948$2.8041$77450)|Melun(48.544$2.6579$77000)|Réau(48.607$2.6239$77550)|Collégien(48.827$2.6774$77090)|Pontault-Combault(48.787$2.6140$77340#48.787$2.6140$77340)|Lagny-sur-Marne(48.873$2.7097$77400)|Lesches(48.915$2.7928$77450)|Dammarie-les-Lys(48.513$2.6285$77190)|Saint-Fargeau-Ponthierry(48.539$2.5249$77310#48.539$2.5249$77310)|Combs-la-Ville(48.657$2.5751$77380)|Avon(48.412$2.7335$77210)|Mitry-Mory(48.977$2.6124$77290)|Juilly(49.021$2.7058$77230)|Champagne-sur-Seine(48.409$2.8079$77430)
30,Gard,43.833,4.35,Beaucaire(43.779$4.5938$30300)|Uzès(44.013$4.4160$30700)|Nîmes(43.844$4.3480$30000#43.844$4.3480$30900#43.844$4.3480$30900)|Bouillargues(43.801$4.4344$30230)|Marguerittes(43.861$4.4502$30320)|Calvisson(43.787$4.1887$30420)|Aigues-Mortes(43.550$4.1834$30220)|Vauvert(43.625$4.3059$30600#43.625$4.3059$30600#43.625$4.3059$30600#43.625$4.3059$30600)|Les Angles(43.946$4.7525$30133)|Alès(44.125$4.0882$30100)|Pont-Saint-Esprit(44.252$4.6390$30130)|Le Grau-du-Roi(43.507$4.1662$30240#43.507$4.1662$30240)|Parignargues(43.869$4.2135$30730)
71,Saône-et-Loire,46.299,4.833,Châtenoy-le-Royal(46.788$4.8058$71880)|Charolles(46.447$4.2800$71120)|Mâcon(46.320$4.8184$71000#46.320$4.8184$71000#46.320$4.8184$71000#46.320$4.8184$71000#46.320$4.8184$71000)|Chalon-sur-Saône(46.790$4.8519$71100)|Charnay-lès-Mâcon(46.304$4.7869$71850)|Sancé(46.339$4.8354$71000)|Sainte-Hélène(46.757$4.6346$71390)|Le Creusot(46.806$4.4264$71200)
45,Loiret,47.903,1.904,Saint-Jean-de-Braye(47.917$1.9724$45800)|Olivet(47.854$1.8882$45160)|Fleury-les-Aubrais(47.938$1.9198$45400)|Amilly(47.986$2.7821$45200)|Saint-Cyr-en-Val(47.814$1.9598$45590)|Saint-Jean-de-la-Ruelle(47.911$1.8710$45140)|Saran(47.949$1.8780$45770)|Courtenay(48.021$3.0623$45320)|La Chapelle-Saint-Mesmin(47.888$1.8284$45380)|Orléans(47.882$1.9161$45000#47.882$1.9161$45100#47.882$1.9161$45100)
54,Meurthe-et-Moselle,48.6920,6.1844,Laxou(48.682$6.1135$54520#48.682$6.1135$54520)|Vandœuvre-lès-Nancy(48.657$6.1653$54500)|Pont-à-Mousson(48.921$6.0539$54700)|Nancy(48.690$6.1758$54000#48.690$6.1758$54100)|Villers-lès-Nancy(48.661$6.1287$54600)|Villerupt(49.464$5.9264$54190#49.464$5.9264$54190)|Maxéville(48.709$6.1495$54320#48.709$6.1495$54320)|Fléville-devant-Nancy(48.629$6.2038$54710)
34,Hérault,43.611,3.877,La Grande-Motte(43.568$4.0758$34280)|Marsillargues(43.626$4.1478$34590)|Montblanc(43.370$3.3575$34290)|Castries(43.688$3.9790$34160)|Mireval(43.517$3.8030$34110)|Lunel(43.682$4.1356$34400)|Béziers(43.347$3.2307$34500)|Montpellier(43.613$3.8685$34000#43.613$3.8685$34070#43.613$3.8685$34080#43.613$3.8685$34090)|Sète(43.391$3.6470$34200)|Lattes(43.563$3.9022$34970)|Saint-Gély-du-Fesc(43.689$3.8096$34980)|Mauguio(43.592$4.0042$34130#43.592$4.0042$34280)|Vias(43.313$3.3988$34450)|Saint-Clément-de-Rivière(43.686$3.8431$34980)|Castelnau-le-Lez(43.638$3.9126$34170)|Saint-Aunès(43.634$3.9657$34130)|Le Crès(43.654$3.9360$34920)|Grabels(43.650$3.7942$34790)|Sauvian(43.291$3.2540$34410)|Vic-la-Gardiole(43.486$3.8034$34110)|Saint-Jean-de-Védas(43.571$3.8322$34430)|Marseillan(43.360$3.5471$34340#43.360$3.5471$34340)|Colombiers(43.315$3.1440$34440)|Clermont-l'Hérault(43.633$3.4131$34800)|Sérignan(43.273$3.2972$34410)|Agde(43.309$3.4844$34300#43.309$3.4844$34300)|Balaruc-les-Bains(43.446$3.6907$34540)
61,Orne,48.433,0.089,Alençon(48.431$0.0915$61000)
83,Var,43.1166,5.933,La Garde-Freinet(43.323$6.4669$83680)|La Seyne-sur-Mer(43.088$5.8708$83500#43.088$5.8708$83500#43.088$5.8708$83500)|Draguignan(43.535$6.4543$83300)|Le Lavandou(43.165$6.4123$83980#43.165$6.4123$83980)|Fréjus(43.471$6.7636$83370#43.471$6.7636$83600)|Garéoult(43.340$6.0408$83136)|Cavalaire-sur-Mer(43.181$6.5212$83240)|Le Pradet(43.099$6.0284$83220)|Ollioules(43.138$5.8536$83190)|La Garde(43.126$6.0189$83130)|Saint-Mandrier-sur-Mer(43.075$5.9264$83430)|Bagnols-en-Forêt(43.533$6.7085$83600)|Bormes-les-Mimosas(43.162$6.3495$83230)|Saint-Raphaël(43.457$6.8473$83530#43.457$6.8473$83530#43.457$6.8473$83530#43.457$6.8473$83530#43.457$6.8473$83700#43.457$6.8473$83700)|Six-Fours-les-Plages(43.086$5.8292$83140#43.086$5.8292$83140#43.086$5.8292$83140)|La Londe-les-Maures(43.168$6.2428$83250)|Le Val(43.445$6.0517$83143)|Hyères(43.101$6.1889$83400#43.101$6.1889$83400#43.101$6.1889$83400#43.101$6.1889$83400#43.101$6.1889$83400#43.101$6.1889$83400#43.101$6.1889$83400#43.101$6.1889$83400#43.101$6.1889$83400#43.101$6.1889$83400)|La Valette-du-Var(43.149$5.9922$83160)|Brignoles(43.399$6.0774$83170)|Saint-Tropez(43.262$6.6634$83990)|Cogolin(43.246$6.5219$83310)|Grimaud(43.282$6.5330$83310#43.282$6.5330$83310)|Sanary-sur-Mer(43.138$5.7958$83110)|Sainte-Maxime(43.356$6.6117$83120)|Toulon(43.136$5.9323$83000#43.136$5.9323$83100#43.136$5.9323$83200)
13,Bouches-du-Rhône,43.3,5.4,La Ciotat(43.192$5.6131$13600)|Istres(43.550$4.9511$13118#43.550$4.9511$13800)|Aix-en-Provence(43.536$5.3985$13080#43.536$5.3985$13090#43.536$5.3985$13100#43.536$5.3985$13100#43.536$5.3985$13290#43.536$5.3985$13540)|Port-de-Bouc(43.423$4.9926$13110)|Saint-Martin-de-Crau(43.611$4.8570$13310)|Coudoux(43.560$5.2542$13111)|Saint-Rémy-de-Provence(43.783$4.8536$13210)|Vauvenargues(43.559$5.6132$13126)|Arles(43.546$4.6621$13104#43.546$4.6621$13123#43.546$4.6621$13129#43.546$4.6621$13200#43.546$4.6621$13200#43.546$4.6621$13280#43.546$4.6621$13280)|Miramas(43.584$5.0138$13140)|Martigues(43.379$5.0494$13117#43.379$5.0494$13500#43.379$5.0494$13500#43.379$5.0494$13500#43.379$5.0494$13500)|Sausset-les-Pins(43.345$5.1176$13960)|Aubagne(43.293$5.5633$13400#43.293$5.5633$13400)|Saint-Victoret(43.414$5.2539$13700#43.414$5.2539$13730)|Fos-sur-Mer(43.455$4.9045$13270)|Vitrolles(43.449$5.2635$13127)|Pélissanne(43.630$5.1595$13330)|Roquefort-la-Bédoule(43.251$5.6290$13830#43.251$5.6290$13830)|Salon-de-Provence(43.646$5.0681$13300)|Rousset(43.484$5.6238$13790)|Châteaurenard(43.882$4.8399$13160)|Éguilles(43.571$5.3288$13510)|Trets(43.437$5.6999$13530#43.437$5.6999$13530)|Cabriès(43.449$5.3497$13480#43.449$5.3497$13480)|Port-Saint-Louis-du-Rhône(43.414$4.8067$13230)|Gardanne(43.452$5.4796$13120#43.452$5.4796$13120#43.452$5.4796$13120)|Mallemort(43.728$5.1829$13370#43.728$5.1829$13370)|Marseille(43.299$5.3822$13001#43.312$5.3636$13002#43.312$5.3801$13003#43.306$5.4008$13004#43.292$5.3975$13005#43.287$5.3810$13006#43.282$5.3632$13007#43.241$5.3746$13008#43.241$5.3746$13008#43.241$5.3746$13008#43.234$5.4524$13009#43.234$5.4524$13009#43.234$5.4524$13009#43.275$5.4268$13010#43.288$5.4838$13011#43.288$5.4838$13011#43.307$5.4399$13012#43.349$5.4337$13013#43.349$5.4337$13013#43.349$5.4337$13013#43.349$5.4337$13013#43.349$5.4337$13013#43.349$5.4337$13013#43.345$5.3940$13014#43.358$5.3634$13015#43.364$5.3133$13016#43.364$5.3133$13016)
06,Alpes-Maritimes,43.7,7.25,Pégomas(43.586$6.9222$06580)|Opio(43.657$7.0086$06650)|Saint-Laurent-du-Var(43.685$7.1821$06700)|La Gaude(43.721$7.1603$06610)|Biot(43.627$7.0831$06410)|Antibes(43.587$7.1063$06160#43.587$7.1063$06160#43.587$7.1063$06600#43.587$7.1063$06600)|Villeneuve-Loubet(43.649$7.1072$06270)|Mandelieu-la-Napoule(43.538$6.9180$06210#43.538$6.9180$06210)|Beausoleil(43.747$7.4222$06240)|Roquefort-les-Pins(43.674$7.0530$06330)|La Colle-sur-Loup(43.687$7.0977$06480)|Isola(44.187$7.0748$06420)|Falicon(43.752$7.2655$06950)|Vallauris(43.576$7.0583$06220#43.576$7.0583$06220)|Beaulieu-sur-Mer(43.707$7.3325$06310)|Mougins(43.596$7.0012$06250)|Valbonne(43.628$7.0295$06560#43.628$7.0295$06560)|Auribeau-sur-Siagne(43.612$6.9121$06810)|Èze(43.728$7.3605$06360)|Saint-André-de-la-Roche(43.745$7.2887$06730)|Cap-d'Ail(43.724$7.4016$06320)|Grasse(43.655$6.9319$06130#43.655$6.9319$06130#43.655$6.9319$06130#43.655$6.9319$06520)|Châteauneuf-Grasse(43.665$6.9791$06740)|Cannes(43.552$7.0042$06150#43.552$7.0042$06400)|Menton(43.790$7.4936$06500)|Le Cannet(43.572$7.0064$06110#43.572$7.0064$06110)|Roquebrune-Cap-Martin(43.763$7.4587$06190#43.763$7.4587$06190)|Villefranche-sur-Mer(43.712$7.3222$06230)|Vence(43.738$7.1019$06140)|Nice(43.711$7.2382$06000#43.711$7.2382$06100#43.711$7.2382$06200#43.711$7.2382$06200#43.711$7.2382$06200#43.711$7.2382$06300)|Cagnes-sur-Mer(43.671$7.1527$06800#43.671$7.1527$06800)|La Roquette-sur-Siagne(43.584$6.9504$06550)
56,Morbihan,47.666,-2.75,Crach(47.630$-3.000$56950)|Belz(47.671$-3.162$56550)|Le Palais(47.342$-3.171$56360)|Hennebont(47.807$-3.269$56700)|Vannes(47.659$-2.757$56000)|Auray(47.667$-2.990$56400)|Lorient(47.750$-3.378$56100)|Gestel(47.808$-3.437$56530)|Guidel(47.794$-3.491$56520)|Pluneret(47.678$-2.945$56400)
44,Loire-Atlantique,47.216,-1.55,Treillières(47.317$-1.625$44119)|Batz-sur-Mer(47.284$-2.474$44740)|Orvault(47.273$-1.623$44700)|Le Pellerin(47.222$-1.825$44640)|Saint-Herblain(47.224$-1.634$44800)|La Chevrolière(47.089$-1.596$44118#47.089$-1.596$44118)|Sautron(47.273$-1.680$44880)|Carquefou(47.301$-1.472$44470)|Paimbœuf(47.286$-2.028$44560)|Rezé(47.176$-1.549$44400#47.176$-1.549$44400)|Saint-Sébastien-sur-Loire(47.203$-1.499$44230)|Guérande(47.331$-2.417$44350#47.331$-2.417$44350#47.331$-2.417$44350#47.331$-2.417$44350)|Pornic(47.122$-2.051$44210#47.122$-2.051$44210#47.122$-2.051$44210)|Montoir-de-Bretagne(47.323$-2.146$44550)|Sucé-sur-Erdre(47.353$-1.519$44240)|Saint-Nazaire(47.280$-2.253$44600#47.280$-2.253$44600)|Châteaubriant(47.722$-1.386$44110)|Nantes(47.231$-1.548$44000#47.231$-1.548$44100#47.231$-1.548$44200#47.231$-1.548$44300)|La Baule-Escoublac(47.290$-2.353$44500)|Couëron(47.230$-1.729$44220#47.230$-1.729$44220)|Vertou(47.160$-1.470$44120#47.160$-1.470$44120)|Blain(47.462$-1.767$44130#47.462$-1.767$44130#47.462$-1.767$44130)|Aigrefeuille-sur-Maine(47.071$-1.415$44140)|Pornichet(47.261$-2.314$44380)
33,Gironde,44.833,-0.566,Saint-Émilion(44.899$-0.169$33330)|Arès(44.795$-1.078$33740)|Sainte-Terre(44.833$-0.120$33350)|Biganos(44.661$-0.948$33380#44.661$-0.948$33380)|Andernos-les-Bains(44.754$-1.081$33510)|Parempuyre(44.954$-0.580$33290)|Carcans(45.084$-1.049$33121#45.084$-1.049$33121)|Gujan-Mestras(44.594$-1.084$33470)|Fronsac(44.922$-0.279$33126)|Artigues-près-Bordeaux(44.860$-0.490$33370)|Lège-Cap-Ferret(44.760$-1.192$33950#44.760$-1.192$33950#44.760$-1.192$33970#44.760$-1.192$33970)|Rauzan(44.782$-0.131$33420)|Villenave-d'Ornon(44.773$-0.558$33140#44.773$-0.558$33140)|Arcachon(44.652$-1.174$33120)|Langon(44.537$-0.241$33210)|Ambarès-et-Lagrave(44.944$-0.500$33440)|Talence(44.806$-0.591$33400)|Camblanes-et-Meynac(44.766$-0.475$33360)|Saint-Médard-en-Jalles(44.883$-0.784$33160)|Mérignac(44.832$-0.681$33700)|Lesparre-Médoc(45.282$-0.935$33340)|Saint-Jean-d'Illac(44.793$-0.819$33127)|Bordeaux(44.857$-0.573$33000#44.857$-0.573$33100#44.857$-0.573$33200#44.857$-0.573$33300#44.857$-0.573$33800)|Fargues-Saint-Hilaire(44.819$-0.439$33370)|Floirac(44.833$-0.520$33270)|Belin-Béliet(44.486$-0.786$33830#44.486$-0.786$33830)|Le Haillan(44.869$-0.684$33185)|Sallebœuf(44.843$-0.392$33370)|Le Taillan-Médoc(44.911$-0.680$33320)|Grignols(44.409$-0.025$33690)|Béguey(44.649$-0.325$33410)|Le Teich(44.578$-1.024$33470)|La Teste-de-Buch(44.556$-1.175$33115#44.556$-1.175$33115#44.556$-1.175$33260#44.556$-1.175$33260)|Libourne(44.913$-0.234$33500)|Martignas-sur-Jalle(44.845$-0.795$33127)|Blanquefort(44.923$-0.612$33290)|Audenge(44.713$-0.944$33980)|Gradignan(44.770$-0.616$33170)|Lacanau(44.983$-1.108$33680#44.983$-1.108$33680)|Pessac(44.791$-0.676$33600)|Léognan(44.719$-0.614$33850)|Cenon(44.854$-0.521$33150)|Soulac-sur-Mer(45.493$-1.109$33780)|Bègles(44.801$-0.547$33130)|Saint-Vincent-de-Paul(44.973$-0.481$33440)|Carbon-Blanc(44.902$-0.501$33560)|Lormont(44.876$-0.519$33310)|Bruges(44.888$-0.600$33520)
17,Charente-Maritime,46.166,-1.15,Aytré(46.134$-1.114$17440)|Fouras(45.983$-1.077$17450)|Châtelaillon-Plage(46.072$-1.082$17340)|La Rochelle(46.162$-1.174$17000#46.162$-1.174$17000#46.162$-1.174$17000)|Saintes(45.742$-0.649$17100)|Saint-Rogatien(46.145$-1.061$17220)|Rochefort(45.943$-0.972$17300)|Saint-Georges-de-Didonne(45.603$-0.980$17110)|Royan(45.634$-1.017$17200)|Saint-Martin-de-Ré(46.199$-1.366$17410)|Sainte-Soulle(46.193$-1.016$17220#46.193$-1.016$17220)|Périgny(46.157$-1.088$17180)|Nieul-sur-Mer(46.208$-1.165$17137#46.208$-1.165$17137)|La Tremblade(45.759$-1.190$17390#45.759$-1.190$17390)|Saint-Georges-d'Oléron(45.976$-1.324$17190#45.976$-1.324$17190#45.976$-1.324$17190#45.976$-1.324$17190#45.976$-1.324$17190#45.976$-1.324$17190)|Saint-Sulpice-de-Royan(45.673$-1.006$17200)|Soubise(45.909$-1.002$17780)|Saint-Agnant(45.867$-0.952$17620)|Dolus-d'Oléron(45.909$-1.257$17550)|La Jarrie(46.123$-1.011$17220)|Saint-Pierre-d'Oléron(45.939$-1.305$17310#45.939$-1.305$17310)|Jonzac(45.441$-0.427$17500)
16,Charente,45.65,0.15,Saint-Yrieix-sur-Charente(45.681$0.1282$16710)|Angoulême(45.647$0.1451$16000)|L'Isle-d'Espagnac(45.663$0.1992$16340)|Bourg-Charente(45.665$-0.222$16200)
69,Rhône,45.75,4.85,Lyon(45.769$4.8292$69001#45.749$4.8261$69002#45.753$4.8691$69003#45.778$4.8239$69004#45.755$4.8022$69005#45.772$4.8520$69006#45.733$4.8375$69007#45.734$4.8693$69008#45.781$4.8081$69009)|Caluire-et-Cuire(45.797$4.8512$69300)|Feyzin(45.673$4.8572$69320)|Lissieu(45.854$4.7461$69380)|Dardilly(45.812$4.7466$69570)|Bron(45.734$4.9116$69500)|Saint-Germain-au-Mont-d'Or(45.882$4.8014$69650)|Beauvallon(45.589$4.6955$69700)|Écully(45.782$4.7721$69130)|Villefranche-sur-Saône(45.987$4.7317$69400)|Sérézin-du-Rhône(45.627$4.8248$69360)|Vénissieux(45.703$4.8813$69200)|Ternay(45.605$4.8075$69360)|Colombier-Saugnieu(45.717$5.1033$69124#45.717$5.1033$69124#45.717$5.1033$69125#45.717$5.1033$69125)|Pierre-Bénite(45.702$4.8270$69310)|Saint-Romain-au-Mont-d'Or(45.835$4.8208$69270)|Rillieux-la-Pape(45.820$4.8982$69140#45.820$4.8982$69140)|Brindas(45.720$4.7029$69126)|Collonges-au-Mont-d'Or(45.822$4.8419$69660)|Craponne(45.746$4.7267$69290)|Simandres(45.611$4.8710$69360)|Oullins(45.714$4.8029$69600)|L'Arbresle(45.835$4.6093$69210)|Francheville(45.737$4.7550$69340)|Grigny(45.608$4.7864$69520)|Champagne-au-Mont-d'Or(45.798$4.7866$69410)|Saint-Priest(45.701$4.9488$69800)|Meyzieu(45.777$5.0063$69330)|Toussieu(45.657$4.9818$69780)|Sathonay-Village(45.840$4.8856$69580)|Brignais(45.678$4.7526$69530#45.678$4.7526$69530)|Charly(45.650$4.7897$69390)|Décines-Charpieu(45.771$4.9614$69150#45.771$4.9614$69150)|Villeurbanne(45.770$4.8884$69100)|Givors(45.581$4.7572$69700#45.581$4.7572$69700)|Lozanne(45.853$4.6854$69380)|Saint-Bonnet-de-Mure(45.696$5.0222$69720)|Saint-Cyr-au-Mont-d'Or(45.819$4.8181$69450)|Corbas(45.668$4.9084$69960)|Vaulx-en-Velin(45.785$4.9263$69120)|Neuville-sur-Saône(45.882$4.8437$69250)|Anse(45.942$4.7079$69480)|Vindry-sur-Turdine|Charbonnières-les-Bains(45.779$4.7432$69260)|Albigny-sur-Saône(45.864$4.8307$69250)|Saint-Didier-au-Mont-d'Or(45.814$4.7984$69370)|Tarare(45.903$4.4237$69170)|La Tour-de-Salvagny(45.810$4.7123$69890)|Belleville-en-Beaujolais(46.102$4.7310$69220)|Tassin-la-Demi-Lune(45.762$4.7554$69160)|Gleizé(45.991$4.6879$69400)|Saint-Fons(45.701$4.8504$69190)|Couzon-au-Mont-d'Or(45.848$4.8223$69270)|La Mulatière(45.730$4.8122$69350)|Sainte-Foy-lès-Lyon(45.735$4.7934$69110)|Marcilly-d'Azergues(45.867$4.7309$69380)
59,Nord,50.633,3.066,Phalempin(50.512$3.0222$59133)|Seclin(50.546$3.0344$59113)|Marcq-en-Barœul(50.675$3.1009$59700)|Bray-Dunes(51.073$2.5276$59123)|Croix(50.674$3.1546$59170)|La Chapelle-d'Armentières(50.665$2.8955$59930)|Bondues(50.709$3.0952$59910)|Wattrelos(50.705$3.2162$59150)|Le Cateau-Cambrésis(50.092$3.5392$59360)|Villeneuve-d'Ascq(50.632$3.1535$59491#50.632$3.1535$59493#50.632$3.1535$59650)|Wasquehal(50.675$3.1285$59290)|Wambrechies(50.695$3.0473$59118)|Raimbeaucourt(50.436$3.1027$59283)|Armentières(50.691$2.8797$59280#50.691$2.8797$59280)|Lambersart(50.652$3.0249$59130)|Lille(50.631$3.0478$59000#50.631$3.0478$59160#50.631$3.0478$59260#50.631$3.0478$59777#50.631$3.0478$59800)|Linselles(50.736$3.0744$59126)|Annœullin(50.526$2.9275$59112)|Haubourdin(50.604$2.9872$59320)|Zuydcoote(51.063$2.4876$59123)|Hem(50.654$3.1930$59510)|Douai(50.382$3.0914$59500#50.382$3.0914$59500#50.382$3.0914$59500)|Mouvaux(50.704$3.1359$59420)|Eppe-Sauvage(50.118$4.1653$59132)|Dunkerque(51.030$2.3375$59140#51.030$2.3375$59240#51.030$2.3375$59240#51.030$2.3375$59240#51.030$2.3375$59279#51.030$2.3375$59430#51.030$2.3375$59430#51.030$2.3375$59640#51.030$2.3375$59640)|Sainghin-en-Weppes(50.558$2.8974$59184)|Neuville-sur-Escaut(50.290$3.3516$59293)|Thumeries(50.472$3.0636$59239)|Maing(50.303$3.4880$59233)|Templeuve-en-Pévèle(50.532$3.1734$59242)|Tourcoing(50.725$3.1588$59200)|Anzin(50.375$3.5111$59410)|Marquette-lez-Lille(50.674$3.0588$59520)|Saint-André-lez-Lille(50.659$3.0460$59350)|Saint-Saulve(50.375$3.5664$59880)|La Madeleine(50.654$3.0696$59110)|Mérignies(50.506$3.1217$59710)|Lys-lez-Lannoy(50.672$3.2172$59390)|Morbecque(50.676$2.5362$59190)|Hautmont(50.247$3.9194$59330)|Genech(50.528$3.2223$59242)|Berlaimont(50.205$3.7939$59145)|Loos(50.608$3.0206$59120)|Roubaix(50.687$3.1825$59100)|Valenciennes(50.358$3.5156$59300)
74,Haute-Savoie,45.9,6.11,Ambilly(46.196$6.2242$74100)|Saint-Julien-en-Genevois(46.139$6.0788$74160)|Perrignier(46.306$6.4356$74550)|Annecy(45.890$6.1255$74000)|La Clusaz(45.900$6.4603$74220)|Valleiry(46.115$5.9702$74520)|Viuz-en-Sallaz(46.164$6.4072$74250)|La Roche-sur-Foron(46.043$6.3010$74800)|Cusy(45.758$6.0333$74540)|Scionzier(46.048$6.5466$74950)|Évian-les-Bains(46.392$6.5861$74500)|Sales(45.882$5.9600$74150)|Vétraz-Monthoux(46.181$6.2626$74100)|Saint-Gervais-les-Bains(45.857$6.7401$74170#45.857$6.7401$74170#45.857$6.7401$74170)|Abondance(46.266$6.7321$74360)|Rumilly(45.855$5.9407$74150)|Bons-en-Chablais(46.263$6.3608$74890)|Douvaine(46.306$6.2989$74140)|Marignier(46.095$6.4944$74970)|Mûres(45.806$6.0392$74540)|Morillon(46.063$6.6731$74440)|Loisin(46.280$6.3039$74140)|Excenevex(46.346$6.3412$74140)|Chamonix-Mont-Blanc(45.930$6.9236$74400#45.930$6.9236$74400#45.930$6.9236$74400#45.930$6.9236$74400)|Saint-Pierre-en-Faucigny(46.063$6.3724$74800)|Poisy(45.918$6.0631$74330)|Dingy-en-Vuache(46.088$5.9497$74520)|Étrembières(46.169$6.2083$74100#46.169$6.2083$74100)|Frangy(46.023$5.9226$74270)|Thonon-les-Bains(46.370$6.4819$74200#46.370$6.4819$74200)|Doussard(45.770$6.2218$74210)|Châtillon-sur-Cluses(46.089$6.5781$74300)|Sciez(46.324$6.3807$74140)|Cluses(46.063$6.5789$74300)|Messery(46.345$6.2993$74140)|Praz-sur-Arly(45.827$6.5801$74120)|Morzine(46.173$6.7425$74110#46.173$6.7425$74110)|Gaillard(46.181$6.2070$74240)|Allonzier-la-Caille(46.000$6.1048$74350#46.000$6.1048$74350)|Samoëns(46.087$6.7432$74340)|Neydens(46.118$6.1036$74160)|Arâches-la-Frasse(46.030$6.6606$74300#46.030$6.6606$74300#46.030$6.6606$74300)|Bonneville(46.073$6.4086$74130)|Collonges-sous-Salève(46.136$6.1607$74160)|Annemasse(46.190$6.2425$74100)|Chavanod(45.884$6.0504$74650)|Sillingy(45.948$6.0275$74330)|Megève(45.840$6.6234$74120)|Les Gets(46.154$6.6601$74260)|Châtel(46.249$6.8171$74390)|Choisy(45.997$6.0541$74330)
14,Calvados,49.183,-0.35,Carpiquet(49.186$-0.451$14650)|Luc-sur-Mer(49.308$-0.357$14530)|Vire Normandie(48.851$-0.889$14500#48.851$-0.889$14500#48.851$-0.889$14500#48.851$-0.889$14500#48.851$-0.889$14500#48.851$-0.889$14500#48.851$-0.889$14500#48.851$-0.889$14500#48.851$-0.889$14500#48.851$-0.889$14500)|Caen(49.184$-0.369$14000)|Bayeux(49.277$-0.704$14400)|Ifs(49.140$-0.342$14123)|Colombelles(49.198$-0.295$14460)|Port-en-Bessin-Huppain(49.339$-0.772$14520#49.339$-0.772$14520)|Gonneville-sur-Honfleur(49.381$0.2363$14600)|Courseulles-sur-Mer(49.320$-0.448$14470)|Villers-Bocage(49.078$-0.652$14310)|Pont-l'Évêque(49.280$0.1876$14130)|Mondeville(49.169$-0.310$14120)|Épron(49.220$-0.364$14610)|Douvres-la-Délivrande(49.289$-0.392$14440#49.289$-0.392$14440)|Trouville-sur-Mer(49.372$0.1021$14360)|Cagny(49.154$-0.260$14630)|Honfleur(49.412$0.2375$14600#49.412$0.2375$14600)|Sommervieu(49.292$-0.645$14400)|Fleury-sur-Orne(49.144$-0.377$14123)|Cormelles-le-Royal(49.154$-0.327$14123)|Lisieux(49.146$0.2382$14100)|Bretteville-sur-Odon(49.173$-0.422$14760)|Cabourg(49.283$-0.125$14390)|Branville(49.269$0.0233$14430)|Blainville-sur-Orne(49.228$-0.304$14550)|Houlgate(49.297$-0.067$14510)|Deauville(49.354$0.0744$14800)|La Rivière-Saint-Sauveur(49.408$0.2680$14600)
73,Savoie,45.566,5.9333,Aime-la-Plagne(45.552$6.6183$73210#45.552$6.6183$73210#45.552$6.6183$73210#45.552$6.6183$73210#45.552$6.6183$73210#45.552$6.6183$73210)|Gilly-sur-Isère(45.653$6.3498$73200)|Chambéry(45.583$5.9090$73000)|Aix-les-Bains(45.697$5.9038$73100)|Albertville(45.668$6.4046$73200)|Modane(45.174$6.6484$73500)|Valmeinier(45.152$6.5082$73450)|Les Allues(45.369$6.5876$73550#45.369$6.5876$73550)|Cognin(45.559$5.8918$73160)|Le Bourget-du-Lac(45.644$5.8462$73370)|Myans(45.518$5.9784$73800)|Les Avanchers-Valmorel(45.460$6.4436$73260)|Champagny-en-Vanoise(45.450$6.7784$73350)|Villarembert(45.239$6.2643$73300#45.239$6.2643$73300)|Challes-les-Eaux(45.549$5.9835$73190)|Notre-Dame-de-Bellecombe(45.795$6.5568$73590)|Fontcouverte-la-Toussuire(45.246$6.2824$73300#45.246$6.2824$73300)|Saint François Longchamp(45.412$6.3738$73130)|La Motte-Servolex(45.601$5.8540$73290)
21,Côte-d'Or,47.3166,5.0166,Dijon(47.322$5.0378$21000)|Talant(47.338$4.9977$21240)|Fontaine-lès-Dijon(47.347$5.0247$21121)|Messigny-et-Vantoux(47.418$5.0014$21380#47.418$5.0014$21380)|Chenôve(47.292$5.0048$21300)|Plombières-lès-Dijon(47.338$4.9500$21370)|Saint-Apollinaire(47.336$5.0932$21850)
60,Oise,49.442,2.00,Margny-lès-Compiègne(49.432$2.8054$60280)|Senlis(49.211$2.5857$60300)|Creil(49.253$2.4847$60100)|Compiègne(49.399$2.8531$60200)|Précy-sur-Oise(49.203$2.3621$60460)|Chantilly(49.176$2.4810$60500)|Méru(49.245$2.1354$60110)|Monchy-Saint-Éloi(49.296$2.4684$60290)|Breteuil(49.634$2.2918$60120)|Beauvais(49.436$2.0861$60000)
31,Haute-Garonne,43.6,1.433,Launaguet(43.670$1.4551$31140)|Pompertuzat(43.494$1.5210$31450)|Pibrac(43.627$1.2613$31820)|Tournefeuille(43.578$1.3350$31170)|Muret(43.449$1.3078$31600)|Pin-Balma(43.622$1.5357$31130)|Revel(43.465$1.9968$31250#43.465$1.9968$31250)|Pins-Justaret(43.482$1.3908$31860)|Auzeville-Tolosane(43.528$1.4872$31320)|Saint-Alban(43.692$1.4126$31140)|Castelginest(43.697$1.4355$31780)|Frouzins(43.521$1.3130$31270)|Castanet-Tolosan(43.513$1.5038$31320)|Aucamville(43.671$1.4237$31140)|Cugnaux(43.544$1.3428$31270)|Cépet(43.745$1.4366$31620)|Eaunes(43.427$1.3589$31600)|Mondonville(43.663$1.2812$31700)|Roques(43.507$1.3545$31120)|Lacroix-Falgarde(43.500$1.4239$31120)|Montrabé(43.642$1.5288$31850)|Villeneuve-Tolosane(43.526$1.3464$31270)|Colomiers(43.611$1.3270$31770)|Fonbeauzard(43.679$1.4349$31140)|Beauzelle(43.667$1.3740$31700)|Balma(43.611$1.5045$31130)|Labarthe-sur-Lèze(43.458$1.4008$31860)|L'Union(43.654$1.4839$31240)|Saint-Jean(43.663$1.5008$31240)|Belberaud(43.503$1.5697$31450)|Saint-Sulpice-sur-Lèze(43.324$1.3412$31410)|Blagnac(43.642$1.3788$31700)|Quint-Fonsegrives(43.581$1.5421$31130)|Saint-Jory(43.739$1.3562$31790)|Escalquens(43.520$1.5524$31750)|Ramonville-Saint-Agne(43.544$1.4778$31520)|Castelnau-d'Estrétefonds(43.793$1.3616$31620)|Baziège(43.462$1.6279$31450)|Saint-Orens-de-Gameville(43.559$1.5351$31650)|Seilh(43.690$1.3567$31840)|Toulouse(43.596$1.4316$31000#43.596$1.4316$31100#43.596$1.4316$31200#43.596$1.4316$31300#43.596$1.4316$31400#43.596$1.4316$31500)|Bruguières(43.727$1.4091$31150)|Labège(43.539$1.5206$31670)|Cornebarrieu(43.648$1.3224$31700)|Aussonne(43.683$1.3288$31840)|Gagnac-sur-Garonne(43.707$1.3635$31150)
64,Pyrénées-Atlantiques,43.3,-0.366,Anglet(43.491$-1.516$64600)|Ciboure(43.374$-1.661$64500)|Urrugne(43.349$-1.697$64122#43.349$-1.697$64700)|Hendaye(43.365$-1.763$64700)|Bayonne(43.492$-1.466$64100)|Lons(43.321$-0.401$64140)|Pau(43.320$-0.350$64000)|Saint-Jean-de-Luz(43.394$-1.630$64500)|Biarritz(43.469$-1.553$64200)|Boucau(43.525$-1.480$64340)|Bidart(43.438$-1.580$64210)|Idron(43.298$-0.306$64320)
28,Eure-et-Loir,48.45,1.5,Luisant(48.423$1.4692$28600)|Mainvilliers(48.462$1.4458$28300)|Saint-Lubin-des-Joncherets(48.750$1.1873$28350)|Champhol(48.466$1.5105$28300)|Chartres(48.447$1.5057$28000)|Nogent-le-Phaye(48.451$1.5782$28630)|Maintenon(48.583$1.5841$28130)|Châteaudun(48.076$1.3263$28200)|Dreux(48.748$1.3593$28100)
49,Maine-et-Loire,47.466,-0.55,Écouflant(47.528$-0.518$49000)|Angers(47.476$-0.556$49000#47.476$-0.556$49100)|Saumur(47.267$-0.083$49400#47.267$-0.083$49400#47.267$-0.083$49400#47.267$-0.083$49400#47.267$-0.083$49400)|Cholet(47.045$-0.877$49300#47.045$-0.877$49300)|Verrières-en-Anjou(47.512$-0.475$49112#47.512$-0.475$49480)|Les Ponts-de-Cé(47.427$-0.512$49130#47.427$-0.512$49130)|Avrillé(47.505$-0.600$49240)|Chemillé-en-Anjou(47.227$-0.730$49120#47.227$-0.730$49120#47.227$-0.730$49120#47.227$-0.730$49120#47.227$-0.730$49120#47.227$-0.730$49120#47.227$-0.730$49120#47.227$-0.730$49120#47.227$-0.730$49120#47.227$-0.730$49120#47.227$-0.730$49120#47.227$-0.730$49310#47.227$-0.730$49670#47.227$-0.730$49670#47.227$-0.730$49750)|Trélazé(47.451$-0.473$49800)
62,Pas-de-Calais,50.289,2.767,Étaples(50.523$1.6519$62630)|Lens(50.437$2.8210$62300)|Le Touquet-Paris-Plage(50.508$1.5992$62520)|Ambleteuse(50.811$1.6210$62164)|Boulogne-sur-Mer(50.727$1.6075$62200)|Cucq(50.486$1.6129$62780#50.486$1.6129$62780#50.486$1.6129$62780)|Béthune(50.528$2.6424$62400)|Wingles(50.495$2.8577$62410)|Berck(50.414$1.5822$62600)|Courcelles-lès-Lens(50.414$3.0149$62970)|Calais(50.950$1.8757$62100)|Liévin(50.424$2.7729$62800)|Camiers(50.564$1.6127$62176#50.564$1.6127$62176)|Wimereux(50.779$1.6134$62930)|Montreuil(50.465$1.7709$62170)|Sainte-Catherine(50.314$2.7623$62223)|Équihen-Plage(50.679$1.5762$62224)|Sailly-sur-la-Lys(50.653$2.7924$62840)|Saint-Omer(50.767$2.2633$62500)|Oye-Plage(50.981$2.0393$62215)|Saint-Nicolas(50.308$2.7850$62223)|Arras(50.289$2.7658$62000)
76,Seine-Maritime,49.443,1.099,Bihorel($$76420)|Elbeuf(49.276$0.9971$76500)|Saint-Étienne-du-Rouvray(49.381$1.0897$76800)|Franqueville-Saint-Pierre(49.403$1.1826$76520)|Oissel(49.347$1.0740$76350)|Gonfreville-l'Orcher(49.486$0.2219$76700#49.486$0.2219$76700#49.486$0.2219$76700)|Le Petit-Quevilly(49.423$1.0603$76140)|Dieppe(49.922$1.0868$76200#49.922$1.0868$76370#49.922$1.0868$76370)|Pavilly(49.575$0.9472$76570)|Maniquerville(49.694$0.3465$76400)|Sainte-Adresse(49.510$0.0779$76310)|Saint-Aubin-lès-Elbeuf(49.303$1.0182$76410)|Bonsecours(49.426$1.1294$76240)|Criel-sur-Mer(50.019$1.3236$76910#50.019$1.3236$76910)|Darnétal(49.444$1.1554$76160)|Sotteville-lès-Rouen(49.410$1.0950$76300)|Rouen(49.441$1.0925$76000#49.441$1.0925$76100)|Le Tréport(50.053$1.3726$76470)|Bois-Guillaume(49.471$1.1202$76230)|Montville(49.546$1.0819$76710)|Mont-Saint-Aignan(49.467$1.0816$76130)|Le Havre(49.498$0.1401$76600#49.498$0.1401$76610#49.498$0.1401$76610#49.498$0.1401$76620)|Arques-la-Bataille(49.882$1.1367$76880)|Déville-lès-Rouen(49.466$1.0514$76250)|Le Houlme(49.510$1.0367$76770)|Petit-Couronne(49.380$1.0342$76650)|Saint-Pierre-lès-Elbeuf(49.277$1.0479$76320)
35,Ille-et-Vilaine,48.112,-1.674,Bain-de-Bretagne(47.830$-1.676$35470)|Vitré(48.114$-1.193$35500)|Pleurtuit(48.582$-2.059$35730)|Chartres-de-Bretagne(48.045$-1.706$35131)|Saint-Gilles(48.152$-1.853$35590)|Pont-Péan(48.011$-1.696$35131)|Combourg(48.408$-1.745$35270)|Rennes(48.111$-1.681$35000#48.111$-1.681$35200#48.111$-1.681$35700)|Cesson-Sévigné(48.120$-1.597$35510)|Cancale(48.683$-1.865$35260)|Le Rheu(48.097$-1.781$35650#48.097$-1.781$35650)|Châteaubourg(48.120$-1.404$35220#48.120$-1.404$35220#48.120$-1.404$35220)|Saint-Malo(48.640$-1.980$35400#48.640$-1.980$35400#48.640$-1.980$35400#48.640$-1.980$35400#48.640$-1.980$35400)|Laillé(47.967$-1.714$35890)|Saint-Erblon(48.019$-1.641$35230)|Chantepie(48.081$-1.603$35135)|Mordelles(48.085$-1.842$35310)|Dinard(48.624$-2.061$35800)|Thorigné-Fouillard(48.156$-1.584$35235)|Vern-sur-Seiche(48.052$-1.605$35770)
67,Bas-Rhin,48.583,7.75,Reichstett(48.647$7.7570$67116)|Oberhausbergen(48.607$7.6830$67205)|Wissembourg(49.018$7.9617$67160#49.018$7.9617$67160#49.018$7.9617$67160)|Ottersthal(48.758$7.3421$67700)|Hœnheim(48.624$7.7536$67800)|Mittelschaeffolsheim(48.697$7.6517$67170)|Obernai(48.459$7.4800$67210)|Mittelhausbergen(48.614$7.6938$67206)|Illkirch-Graffenstaden(48.520$7.7312$67400)|Strasbourg(48.571$7.7675$67000#48.571$7.7675$67100#48.571$7.7675$67200)|Gerstheim(48.380$7.7045$67150)|Sélestat(48.248$7.4622$67600)|Schiltigheim(48.611$7.7440$67300)|Bischheim(48.621$7.7586$67800)|Lingolsheim(48.554$7.6809$67380)
42,Loire,45.433,4.4,Roanne(46.044$4.0797$42300#46.044$4.0797$42300)|Saint-Étienne(45.430$4.3791$42000#45.430$4.3791$42100#45.430$4.3791$42100#45.430$4.3791$42100#45.430$4.3791$42230)|Saint-Priest-en-Jarez(45.475$4.3733$42270)|La Talaudière(45.478$4.4239$42350)|Montrond-les-Bains(45.635$4.2409$42210)|Villars(45.468$4.3520$42390)
38,Isère,45.166,5.716,Vienne(45.520$4.8813$38200)|Saint-Maurice-l'Exil(45.392$4.7770$38550)|Serpaize(45.557$4.9196$38200)|Revel(45.168$5.9099$38420)|Chamrousse(45.119$5.8943$38410)|Claix(45.122$5.6570$38640)|Villefontaine(45.613$5.1554$38090)|Saint-Martin-le-Vinoux(45.219$5.7151$38950)|Chasse-sur-Rhône(45.579$4.8142$38670)|Coublevie(45.356$5.6179$38500)|Le Pont-de-Beauvoisin(45.531$5.6616$38480)|Chozeau(45.699$5.2094$38460)|Saint-Nizier-du-Moucherotte(45.165$5.6318$38250)|Pont-de-Chéruy(45.751$5.1731$38230)|La Verpillière(45.637$5.1491$38290)|Le Pont-de-Claix(45.125$5.7019$38800)|Jarrie(45.111$5.7467$38560)|Grenoble(45.182$5.7213$38000#45.182$5.7213$38100)|Sassenage(45.213$5.6524$38360)|Chapareillan(45.461$5.9580$38530)|Eybens(45.151$5.7484$38320)|Saint-Nazaire-les-Eymes(45.258$5.8523$38330)|La Tronche(45.210$5.7434$38700)|Seyssins(45.154$5.6754$38180)|Saint-Ismier(45.251$5.8285$38330)|Le Versoud(45.222$5.8587$38420)|Saint-Paul-de-Varces(45.064$5.6310$38760)|Échirolles(45.147$5.7153$38130)|Fontaine(45.193$5.6776$38600)|Roussillon(45.378$4.8182$38150)|Saint-Martin-d'Hères(45.176$5.7647$38400)|Gières(45.182$5.7917$38610)|Moirans(45.318$5.5621$38430)|Huez(45.096$6.0847$38750#45.096$6.0847$38750)|Meylan(45.212$5.7835$38240)|Bourgoin-Jallieu(45.602$5.2739$38300#45.602$5.2739$38300)|Vif(45.043$5.6742$38450)
37,Indre-et-Loire,47.383,0.683,Montlouis-sur-Loire(47.382$0.8412$37270)|Saint-Cyr-sur-Loire(47.418$0.6578$37540)|La Riche(47.381$0.6375$37520)|Joué-lès-Tours(47.333$0.6545$37300)|Chinon(47.172$0.2450$37500)|Chambray-lès-Tours(47.331$0.7168$37170)|Notre-Dame-d'Oé(47.454$0.7092$37390)|Mettray(47.454$0.6594$37390)|Azay-le-Rideau(47.272$0.4694$37190)|Loches(47.120$0.9741$37600)|Amboise(47.391$1.0002$37400)|Tours(47.398$0.6965$37000#47.398$0.6965$37100#47.398$0.6965$37200)
01,Ain,46.2,5.216,Trévoux(45.940$4.7714$01600)|Saint-Laurent-sur-Saône(46.305$4.8394$01750)|Romans(46.123$5.0217$01400)|Ambérieu-en-Bugey(45.960$5.3729$01500)|Saint-Bernard(45.949$4.7427$01600)|Jassans-Riottier(45.977$4.7598$01480)|Belley(45.749$5.6841$01300)|Sergy(46.262$5.9891$01630)|Saint-Genis-Pouilly(46.254$6.0362$01630)|Prévessin-Moëns(46.258$6.0722$01280#46.258$6.0722$01280)|Péronnas(46.171$5.2180$01960)|Montluel(45.890$5.0198$01120#45.890$5.0198$01120#45.890$5.0198$01120)|Attignat(46.286$5.1795$01340)|Ferney-Voltaire(46.251$6.1082$01210)|Bourg-en-Bresse(46.205$5.2460$01000#46.205$5.2460$01000)|Pont-de-Vaux(46.442$4.9286$01190)|Miribel(45.844$4.9410$01700#45.844$4.9410$01700#45.844$4.9410$01700)
85,Vendée,46.666,-1.433,Les Herbiers(46.866$-1.022$85500)|Talmont-Saint-Hilaire(46.475$-1.627$85440#46.475$-1.627$85440)|Saint-Gilles-Croix-de-Vie(46.690$-1.919$85800)|Notre-Dame-de-Monts(46.842$-2.109$85690)|Fontenay-le-Comte(46.456$-0.793$85200#46.456$-0.793$85200)|Saint-Hilaire-de-Riez(46.743$-1.964$85270#46.743$-1.964$85270)|Les Sables-d'Olonne(46.500$-1.792$85100)|Challans(46.835$-1.840$85300)|La Roche-sur-Yon(46.667$-1.407$85000)|Le Fenouiller(46.716$-1.892$85800)|Saint-Jean-de-Monts(46.802$-2.048$85160)|Bretignolles-sur-Mer(46.637$-1.863$85470)|Montaigu-Vendée(46.975$-1.313$85600)
29,Finistère,48,-4.1,Brest(48.400$-4.502$29200)|Fouesnant(47.878$-4.018$29170#47.878$-4.018$29170)|Pont-l'Abbé(47.865$-4.219$29120)|Locmaria-Plouzané(48.370$-4.650$29280)|Pont-Aven(47.872$-3.766$29930)|Quimper(47.997$-4.091$29000)|Gouesnou(48.446$-4.463$29850)|Douarnenez(48.080$-4.327$29100#48.080$-4.327$29100)|Landerneau(48.450$-4.264$29800)|Carantec(48.655$-3.912$29660)|Plougasnou(48.677$-3.812$29630#48.677$-3.812$29630)|Plabennec(48.493$-4.418$29860)|Morlaix(48.599$-3.820$29600)|Audierne(48.024$-4.544$29770#48.024$-4.544$29770)|Bénodet(47.878$-4.077$29950)|Crozon(48.244$-4.491$29160#48.244$-4.491$29160#48.244$-4.491$29160)|Loctudy(47.823$-4.187$29750)|Guilvinec(47.801$-4.286$29730)
63,Puy-de-Dôme,45.783,3.083,Aubière(45.751$3.1261$63170)|Caluire-et-Cuire|Clermont-Ferrand(45.785$3.1155$63000#45.785$3.1155$63100)|Gerzat(45.827$3.1549$63360)
04,Alpes-de-Haute-Provence,44.095,6.235,Manosque(43.835$5.7910$04100)|Barcelonnette(44.378$6.6521$04400)|Sisteron(44.200$5.9308$04200)|Uvernet-Fours(44.319$6.6702$04400#44.319$6.6702$04400#44.319$6.6702$04400)|Malijai(44.033$6.0504$04350#44.033$6.0504$04510)
11,Aude,43.216,2.35,Narbonne(43.165$3.0202$11100#43.165$3.0202$11100)|Carcassonne(43.209$2.3439$11000#43.209$2.3439$11000#43.209$2.3439$11000#43.209$2.3439$11000#43.209$2.3439$11000#43.209$2.3439$11000)|Castelnaudary(43.323$1.9607$11400)|Limoux(43.049$2.2395$11300)
40,Landes,43.89,-0.497,Messanges(43.811$-1.363$40660)|Saint-Vincent-de-Tyrosse(43.659$-1.300$40230)|Moliets-et-Maa(43.858$-1.360$40660)|Seignosse(43.702$-1.397$40510)|Saint-Paul-lès-Dax(43.746$-1.081$40990)|Mimizan(44.189$-1.245$40200)|Linxe(43.929$-1.218$40260)|Mont-de-Marsan(43.899$-0.490$40000)|Bénesse-Maremne(43.634$-1.364$40230)|Lit-et-Mixe(44.020$-1.276$40170)|Soustons(43.749$-1.328$40140)|Capbreton(43.632$-1.429$40130)|Biscarrosse(44.409$-1.177$40600#44.409$-1.177$40600)|Vielle-Saint-Girons(43.939$-1.325$40560#43.939$-1.325$40560#43.939$-1.325$40560)|Dax(43.700$-1.060$40100)
84,Vaucluse,43.95,4.805,Orange(44.128$4.8098$84100)|Cheval-Blanc(43.788$5.1241$84460)|Cavaillon(43.850$5.0360$84300#43.850$5.0360$84300)|Sarrians(44.099$4.9572$84260)|Saint-Didier(44.009$5.1086$84210)|Carpentras(44.059$5.0613$84200)|Monteux(44.033$4.9847$84170)|Aubignan(44.097$5.0316$84810)|Avignon(43.935$4.8407$84000#43.935$4.8407$84140)|Ménerbes(43.824$5.2208$84560)|Vaison-la-Romaine(44.247$5.0604$84110)
80,Somme,49.9,2.3,Abbeville(50.108$1.8320$80100)|Le Crotoy(50.243$1.6231$80550)|Albert(50.004$2.6483$80300)|Amiens(49.900$2.2900$80000#49.900$2.2900$80080#49.900$2.2900$80090)|Fort-Mahon-Plage(50.345$1.5770$80120)|Mers-les-Bains(50.070$1.4047$80350)|Pont-de-Metz(49.882$2.2286$80480)|Salouël(49.869$2.2418$80480)|Cayeux-sur-Mer(50.176$1.5157$80410)
68,Haut-Rhin,48.083,7.366,Mulhouse(47.749$7.3257$68100#47.749$7.3257$68200#47.749$7.3257$68200#47.749$7.3257$68200)|Saint-Louis(47.601$7.5406$68300#47.601$7.5406$68300#47.601$7.5406$68300)|Thann(47.813$7.0950$68800)|Colmar(48.109$7.3846$68000)|Rouffach(47.968$7.2733$68250)|Rixheim(47.749$7.4072$68170)
07,Ardèche,44.733,4.6,Aubenas(44.610$4.3963$07200)|Guilherand-Granges(44.930$4.8662$07500)|Grospierres(44.393$4.2869$07120)|Berrias-et-Casteljau(44.383$4.2074$07460#44.383$4.2074$07460)|Salavas(44.388$4.3671$07150)|Vallon-Pont-d'Arc(44.400$4.4053$07150)
22,Côtes-d'Armor,48.516,-2.783,Quévert(48.463$-2.085$22100#48.463$-2.085$22100)|Perros-Guirec(48.809$-3.467$22700#48.809$-3.467$22700#48.809$-3.467$22700)|Paimpol(48.773$-3.054$22500)|Saint-Brieuc(48.514$-2.761$22000)|Plérin(48.544$-2.770$22190#48.544$-2.770$22190#48.544$-2.770$22190)|Pléneuf-Val-André(48.584$-2.530$22370)|Dinan(48.455$-2.048$22100)|Pordic(48.570$-2.825$22590#48.570$-2.825$22590#48.570$-2.825$22590)|Tréguier(48.785$-3.231$22220)|Caulnes(48.302$-2.160$22350)|Guingamp(48.561$-3.153$22200)
27,Eure,49.023,1.154,Vernon(49.087$1.4850$27200)|Boulleville(49.370$0.3933$27210#49.370$0.3933$27210)|Brosville(49.109$1.1134$27930)|Val-de-Reuil(49.261$1.2114$27100)|Louviers(49.220$1.1534$27400)|Verneuil d'Avre et d'Iton(48.737$0.9247$27130)|Gisors(49.278$1.7687$27140)
09,Ariège,42.966,1.6,Ax-les-Thermes(42.687$1.8182$09110)
24,Dordogne,45.183,0.716,Périgueux(45.191$0.7118$24000)|Montignac(45.062$1.1542$24290)|Champcevinel(45.221$0.7250$24750)|Prigonrieux(44.869$0.4098$24130)|Coly-Saint-Amand(45.086$1.2650$24120)|Nontron(45.530$0.6839$24300)|Moulin-Neuf(45.000$0.0583$24700)|Champagnac-de-Belair(45.400$0.6950$24530)|Bergerac(44.854$0.4865$24100)|Sarlat-la-Canéda(44.898$1.2066$24200)|Le Bugue(44.926$0.9246$24260)
72,Sarthe,47.996,0.203,La Flèche(47.689$-0.064$72200)|Précigné(47.764$-0.318$72300)|Mulsanne(47.918$0.2441$72230)|Le Mans(47.988$0.2000$72000#47.988$0.2000$72100)
47,Lot-et-Garonne,44.2,0.633,Villeneuve-sur-Lot(44.425$0.7425$47300)|Duras(44.676$0.2014$47120)|Agen(44.202$0.6255$47000)|Nérac(44.132$0.3433$47600)|Lamontjoie(44.070$0.5375$47310)|Prayssas(44.294$0.5142$47360)|Casteljaloux(44.311$0.0845$47700)
53,Mayenne,48.06,-0.766,L'Huisserie(48.016$-0.766$53970)|Bonchamp-lès-Laval(48.067$-0.698$53960)|Laval(48.060$-0.766$53000)
86,Vienne,46.583,0.33,Vouneuil-sous-Biard(46.579$0.2707$86580#46.579$0.2707$86580)|Morton(47.103$-0.012$86120)|Buxerolles(46.605$0.3692$86180)|Vouneuil-sur-Vienne(46.719$0.5413$86210)|Lathus-Saint-Rémy(46.320$0.9443$86390#46.320$0.9443$86390)|Poitiers(46.583$0.3599$86000)|Chauvigny(46.554$0.6786$86300#46.554$0.6786$86300)
25,Doubs,47.25,6.033,Pontarlier(46.911$6.3891$25300)|Pouilley-les-Vignes(47.260$5.9364$25115)|Besançon(47.255$6.0194$25000)|Bonnétage(47.180$6.7389$25210)
57,Moselle,49.11,6.172,Hattigny(48.627$6.9612$57790)|Hayange(49.330$6.0664$57700#49.330$6.0664$57700#49.330$6.0664$57700)|Thionville(49.375$6.1292$57100#49.375$6.1292$57100#49.375$6.1292$57100#49.375$6.1292$57100)|Ars-Laquenexy(49.087$6.2687$57530)|Saint-Julien-lès-Metz(49.139$6.2087$57070)|Le Ban-Saint-Martin(49.124$6.1417$57050)|Maizières-lès-Metz(49.208$6.1561$57280)|Metz(49.108$6.1955$57000#49.108$6.1955$57050#49.108$6.1955$57070)|Florange(49.328$6.1228$57190#49.328$6.1228$57190)|Sarreguemines(49.108$7.0694$57200#49.108$7.0694$57200)
39,Jura,46.65,5.483,Dole(47.075$5.5006$39100#47.075$5.5006$39100#47.075$5.5006$39100)
26,Drôme,44.933,4.9,Montélimar(44.554$4.7486$26200)|Bourg-lès-Valence(44.965$4.8941$26500)|Montélier(44.942$5.0209$26120#44.942$5.0209$26120)|Valence(44.922$4.9144$26000)|Romans-sur-Isère(45.054$5.0379$26100)
10,Aube,48.299,4.083,Vendeuvre-sur-Barse(48.246$4.4609$10140)|Troyes(48.296$4.0782$10000)
50,Manche,49.089,-1.072,Jullouville(48.763$-1.527$50610#48.763$-1.527$50610)|Agon-Coutainville(49.038$-1.581$50230)|Avranches(48.688$-1.357$50300)|Barneville-Carteret(49.380$-1.770$50270)|Granville(48.832$-1.566$50400#48.832$-1.566$50400)|Donville-les-Bains(48.850$-1.573$50350)|Saint-Lô(49.109$-1.077$50000)|Cherbourg-en-Cotentin(49.633$-1.633$50100#49.633$-1.633$50110#49.633$-1.633$50120#49.633$-1.633$50130#49.633$-1.633$50130#49.633$-1.633$50460#49.633$-1.633$50470)
51,Marne,48.958,4.3666,Saint-Martin-d'Ablois(49.011$3.8394$51530)|Reims(49.251$4.0402$51100#49.251$4.0402$51100)|Épernay(49.037$3.9314$51200)|Bétheny(49.295$4.0600$51450)
02,Aisne,49.529,3.555,Chamouille(49.472$3.6706$02860)|Nogent-l'Artaud(48.942$3.3328$02310)|Brasles(49.056$3.4245$02400)|Château-Thierry(49.056$3.3816$02400)|Soissons(49.379$3.3247$02200)|Villers-Cotterêts(49.239$3.0961$02600#49.239$3.0961$02600)|Saint-Quentin(49.847$3.2776$02100)
05,Hautes-Alpes,44.566,6.083,Briançon(44.899$6.6494$05100)|Orcières(44.684$6.3489$05170#44.684$6.3489$05170)|Gap(44.579$6.0648$05000#44.579$6.0648$05000)|Espinasses(44.493$6.2327$05190)|Vars(44.592$6.7135$05560)
82,Tarn-et-Garonne,44.016,1.35,Montauban(44.022$1.3640$82000)|Albias(44.081$1.4485$82350)
41,Loir-et-Cher,47.583,1.33,Blois(47.581$1.3062$41000)|Romorantin-Lanthenay(47.374$1.7445$41200)|Chaumont-sur-Tharonne(47.613$1.9232$41600)|Saint-Denis-sur-Loire(47.633$1.3736$41000)|Chailles(47.538$1.3159$41120)|Bracieux(47.551$1.5435$41250)
87,Haute-Vienne,45.849,1.25,Couzeix(45.883$1.2207$87270)|Limoges(45.854$1.2487$87000#45.854$1.2487$87100#45.854$1.2487$87100#45.854$1.2487$87280#45.854$1.2487$87280)
79,Deux-Sèvres,46.316,-0.466,Parthenay(46.645$-0.233$79200)|Magné(46.309$-0.558$79460)|Niort(46.328$-0.465$79000#46.328$-0.465$79000#46.328$-0.465$79000#46.328$-0.465$79000#46.328$-0.465$79000)
08,Ardennes,49.766,4.716,Vouziers(49.400$4.7012$08400#49.400$4.7012$08400)|Liart(49.761$4.3415$08290)|Charleville-Mézières(49.775$4.7172$08000)
19,Corrèze,45.266,1.766,Brive-la-Gaillarde(45.143$1.5193$19100)
90,Territoire de Belfort,47.642,6.856,Belfort(47.647$6.8454$90000)
12,Aveyron,44.360,2.505,Saint Geniez d'Olt et d'Aubrac(44.473$2.9815$12130#44.473$2.9815$12130)|Rignac(44.403$2.2922$12390)
65,Hautes-Pyrénées,43.233,0.0833,Saint-Lary-Soulan(42.759$0.2862$65170)|Tarbes(43.234$0.0660$65000)
18,Cher,47.083,2.4,Saint-Amand-Montrond(46.726$2.5201$18200)|Bourges(47.074$2.4041$18000)|Saint-Doulchard(47.110$2.3570$18230)
58,Nièvre,46.98,3.166,Nevers(46.988$3.1568$58000)|Cosne-Cours-sur-Loire(47.402$2.9428$58200#47.402$2.9428$58200)
81,Tarn,43.93,2.15,Castres(43.615$2.2378$81100)
03,Allier,46.567,3.334,Vichy(46.130$3.4244$03200)|Montluçon(46.338$2.6039$03100)|Moulins(46.562$3.3266$03000)
46,Lot,44.43,1.433,Marminiac(44.662$1.1840$46250)|Cahors(44.450$1.4407$46000)
89,Yonne,47.799, 3.566,Auxerre(47.793$3.5816$89000#47.793$3.5816$89290)
